{"cameraMode":{"drawMode":0,"name":"Shaded","section":"Shading Mode"},"sceneLighting":true,"audioPlay":false,"sceneViewState":{"showFog":true,"showMaterialUpdate":false,"showSkybox":true,"showFlares":true,"showImageEffects":true,"showParticleSystems":true,"showVisualEffectGraphs":true,"m_FxEnabled":true},"in2DMode":false,"pivot":{"x":22.123065948486329,"y":53.42527770996094,"z":-43.37569808959961},"rotation":{"x":-0.01471285056322813,"y":0.1946270763874054,"z":0.002918468788266182,"w":0.9807693362236023},"size":12.421013832092286,"orthographic":false}